,书名,豆瓣链接,封面URL,作者,译者,出版社,出版日期,价格,评分,评分人数,一句话评价
0,红楼梦,https://book.douban.com/subject/1007305/,https://img1.doubanio.com/view/subject/s/public/s1070959.jpg,[清] 曹雪芹 著 ,, 人民文学出版社 , 1996-12 , 59.70元,9.6,436004,都云作者痴，谁解其中味？
1,活着,https://book.douban.com/subject/4913064/,https://img9.doubanio.com/view/subject/s/public/s29869926.jpg,余华 ,, 作家出版社 , 2012-8 , 28.00元,9.4,861329,生的苦难与伟大
2,1984,https://book.douban.com/subject/4820710/,https://img1.doubanio.com/view/subject/s/public/s4371408.jpg,[英] 乔治·奥威尔 , 刘绍铭 , 北京十月文艺出版社 , 2010-4-1 , 28.00,9.4,294075,栗树荫下，我出卖你，你出卖我
3,哈利·波特,https://book.douban.com/subject/24531956/,https://img9.doubanio.com/view/subject/s/public/s29101586.jpg,J.K.罗琳 (J.K.Rowling) , 苏农 , 人民文学出版社 , 2008-12-1 , 498.00元,9.7,116138,从9¾站台开始的旅程
4,三体全集,https://book.douban.com/subject/6518605/,https://img9.doubanio.com/view/subject/s/public/s28357056.jpg,刘慈欣 ,, 重庆出版社 , 2012-1 , 168.00元,9.5,197385,地球往事三部曲
5,百年孤独,https://book.douban.com/subject/6082808/,https://img1.doubanio.com/view/subject/s/public/s27237850.jpg,[哥伦比亚] 加西亚·马尔克斯 , 范晔 , 南海出版公司 , 2011-6 , 39.50元,9.3,440022,魔幻现实主义文学代表作
6,飘,https://book.douban.com/subject/1068920/,https://img1.doubanio.com/view/subject/s/public/s1078958.jpg,[美国] 玛格丽特·米切尔 , 李美华 , 译林出版社 , 2000-9 , 40.00元,9.3,217367,革命时期的爱情，随风而逝
7,房思琪的初恋乐园,https://book.douban.com/subject/27614904/,https://img2.doubanio.com/view/subject/s/public/s29651121.jpg,林奕含 ,, 北京联合出版公司 , 2018-2 , 45.00元,9.2,393514,向死而生的文学绝唱
8,动物农场,https://book.douban.com/subject/2035179/,https://img1.doubanio.com/view/subject/s/public/s2347590.jpg,[英] 乔治·奥威尔 , 荣如德 , 上海译文出版社 , 2007-3 , 10.00元,9.3,166631,太阳底下并无新事
9,三国演义（全二册）,https://book.douban.com/subject/1019568/,https://img3.doubanio.com/view/subject/s/public/s1076932.jpg,[明] 罗贯中 ,, 人民文学出版社 , 1998-05 , 39.50元,9.3,173160,是非成败转头空
10,福尔摩斯探案全集（上中下）,https://book.douban.com/subject/1040211/,https://img1.doubanio.com/view/subject/s/public/s1229240.jpg,[英] 阿·柯南道尔 , 丁钟华 等 , 群众出版社 , 1981-8 , 53.00元/68.00元,9.3,137144,名侦探的代名词
11,白夜行,https://book.douban.com/subject/10554308/,https://img1.doubanio.com/view/subject/s/public/s24514468.jpg,[日] 东野圭吾 , 刘姿君 , 南海出版公司 , 2013-1-1 , 39.50元,9.2,492778,一宗离奇命案牵出跨度近20年步步惊心的故事
12,小王子,https://book.douban.com/subject/1084336/,https://img1.doubanio.com/view/subject/s/public/s1237549.jpg,[法] 圣埃克苏佩里 , 马振骋 , 人民文学出版社 , 2003-8 , 22.00元,9.1,770112,献给长成了大人的孩子们
13,安徒生童话故事集,https://book.douban.com/subject/1046209/,https://img3.doubanio.com/view/subject/s/public/s1034062.jpg,（丹麦）安徒生 , 叶君健 , 人民文学出版社 , 1997-08 , 25.00元,9.3,136583,为了争取未来的一代
14,呐喊,https://book.douban.com/subject/1449351/,https://img9.doubanio.com/view/subject/s/public/s34099286.jpg,鲁迅 ,, 人民文学出版社 , 1973-3 , 0.36元,9.2,166090,新文学的第一声呐喊
15,撒哈拉的故事,https://book.douban.com/subject/1060068/,https://img3.doubanio.com/view/subject/s/public/s1369343.jpg,三毛 ,, 哈尔滨出版社 , 2003-8 , 15.80元,9.2,182480,游荡的自由灵魂
16,天龙八部,https://book.douban.com/subject/1255625/,https://img9.doubanio.com/view/subject/s/public/s26018275.jpg,金庸 ,, 生活·读书·新知三联书店 , 1994-5 , 96.00元,9.2,135524,有情皆孽，无人不冤
17,邓小平时代,https://book.douban.com/subject/20424526/,https://img3.doubanio.com/view/subject/s/public/s24516687.jpg,【美】傅高义 (Ezra.F.Vogel) , 冯克利 , 生活·读书·新知三联书店 , 2013-1-18 , 88.00元,9.3,76155,个人命运背后的历史变局
18,悉达多,https://book.douban.com/subject/26980487/,https://img1.doubanio.com/view/subject/s/public/s29396368.jpg,[德] 赫尔曼·黑塞 , 姜乙 , 天津人民出版社 , 2017-1 , 32.00元,9.2,131616,
19,杀死一只知更鸟,https://book.douban.com/subject/6781808/,https://img3.doubanio.com/view/subject/s/public/s23128183.jpg,[美] 哈珀·李 , 高红梅 , 译林出版社 , 2012-9 , 32.00元,9.2,152326,有一种东西不能遵循从众原则，那就是——人的良心
20,失踪的孩子,https://book.douban.com/subject/30172069/,https://img1.doubanio.com/view/subject/s/public/s29799269.jpg,[意] 埃莱娜·费兰特 , 陈英 , 人民文学出版社 , 2018-7 , 62.00元,9.2,87901,我的整个生命，只是一场为了提升社会地位的低俗斗争。
21,明朝那些事儿（1-9）,https://book.douban.com/subject/3674537/,https://img9.doubanio.com/view/subject/s/public/s3745215.jpg,当年明月 ,, 中国海关出版社 , 2009-4 , 358.20元,9.2,183991,不拘一格的历史书写
22,新名字的故事,https://book.douban.com/subject/26986954/,https://img9.doubanio.com/view/subject/s/public/s29376146.jpg,[意] 埃莱娜·费兰特 , 陈英 , 人民文学出版社 , 2017-4 , 59.00元,9.2,98613,探索青年时代的激情、困惑、挣扎、背叛和失去
23,野草,https://book.douban.com/subject/1915958/,https://img2.doubanio.com/view/subject/s/public/s34099301.jpg,鲁迅 ,, 人民文学出版社 , 1973-3 , 0.20元,9.5,50128,我以这一丛野草，在明与暗，生与死，过去与未来之际，献于友与仇，人与兽，爱者与不爱者之前作证。
24,沉默的大多数,https://book.douban.com/subject/1054685/,https://img1.doubanio.com/view/subject/s/public/s1447349.jpg,王小波 ,, 中国青年出版社 , 1997-10 , 27.00元,9.1,155122,沉默是沉默者的通行证
25,中国历代政治得失,https://book.douban.com/subject/1003479/,https://img9.doubanio.com/view/subject/s/public/s1319205.jpg,钱穆 ,, 生活·读书·新知三联书店 , 2001 , 12.00元,9.2,76547,一部简明的“中国政治制度史”
26,局外人,https://book.douban.com/subject/4908885/,https://img9.doubanio.com/view/subject/s/public/s4468484.jpg,[法] 阿尔贝·加缪 , 柳鸣九 , 上海译文出版社 , 2010-8 , 22.00元,9.1,250168,人生在世，永远也不该演戏作假
27,卡拉马佐夫兄弟,https://book.douban.com/subject/25887924/,https://img9.doubanio.com/view/subject/s/public/s34711695.jpg,陀思妥耶夫斯基 (Ф.М.Достоевский) , 荣如德 , 上海译文出版社 , 2015-2-1 , CNY 78.00,9.6,39671,
28,平凡的世界（全三部）,https://book.douban.com/subject/1200840/,https://img2.doubanio.com/view/subject/s/public/s1144911.jpg,路遥 ,, 人民文学出版社 , 2005-1 , 64.00元,9.0,329873,中国当代城乡生活全景
29,白鹿原,https://book.douban.com/subject/10564071/,https://img3.doubanio.com/view/subject/s/public/s34777382.jpg,陈忠实 ,, 人民文学出版社 , 2012-9 , 39.00元,9.2,114158,一轴关于我们民族灵魂的现实主义画卷
30,人类简史,https://book.douban.com/subject/25985021/,https://img3.doubanio.com/view/subject/s/public/s27814883.jpg,[以色列] 尤瓦尔·赫拉利 , 林俊宏 , 中信出版社 , 2014-11 , 68.00元,9.1,204895,跟着人类一同走过十万年
31,罗杰疑案,https://book.douban.com/subject/21371175/,https://img3.doubanio.com/view/subject/s/public/s25814002.jpg,[英] 阿加莎·克里斯蒂 , 常禾 , 新星出版社 , 2013-3 , 28.00元,9.2,81995,
32,我与地坛,https://book.douban.com/subject/1209899/,https://img1.doubanio.com/view/subject/s/public/s1151479.jpg,史铁生 ,, 春风文艺出版社 , 2002-5 , 25.00元,9.2,116167,这是你的罪孽与福祉
33,彷徨,https://book.douban.com/subject/1449348/,https://img3.doubanio.com/view/subject/s/public/s34099293.jpg,鲁迅 ,, 人民文学出版社 , 1973-3 , 0.37元,9.3,68582,路漫漫其修远兮，吾将上下而求索
34,围城,https://book.douban.com/subject/1008145/,https://img3.doubanio.com/view/subject/s/public/s1070222.jpg,钱锺书 ,, 人民文学出版社 , 1991-2 , 19.00,9.0,452329,幽默的语言和对生活深刻的观察
35,许三观卖血记,https://book.douban.com/subject/4760224/,https://img1.doubanio.com/view/subject/s/public/s24575140.jpg,余华 ,, 作家出版社 , 2012-9 , 24.00元,9.2,177130,
36,乡土中国,https://book.douban.com/subject/1795079/,https://img1.doubanio.com/view/subject/s/public/s1762210.jpg,费孝通 ,, 上海人民出版社 , 2006-4 , 38.00,9.2,96160,中国乡土社会传统文化和社会结构理论研究代表作
37,笑傲江湖（全四册）,https://book.douban.com/subject/1002299/,https://img9.doubanio.com/view/subject/s/public/s2157335.jpg,金庸 ,, 生活·读书·新知三联书店 , 1994-5 , 76.80元,9.1,114027,欲练此功，必先自宫
38,献给阿尔吉侬的花束,https://book.douban.com/subject/26362836/,https://img1.doubanio.com/view/subject/s/public/s28050760.jpg,[美] 丹尼尔·凯斯 , 陈澄和 , 广西师范大学出版社 , 2015-4 , 36.00元,9.1,118698,当声称能改造智能的科学实验选中心智障碍主角
39,东方快车谋杀案,https://book.douban.com/subject/1827374/,https://img1.doubanio.com/view/subject/s/public/s1765799.jpg,[英] 阿加莎·克里斯蒂 , 陈尧光 , 人民文学出版社 , 2006-5 , 18.00元,9.1,143961,谋杀诡计惊人，波洛的抉择耐人寻味
40,江城,https://book.douban.com/subject/7060185/,https://img9.doubanio.com/view/subject/s/public/s32271204.jpg,[美] 彼得·海斯勒 , 李雪顺 , 上海译文出版社 , 2012-1 , 36.00元,9.1,66087,外国人眼中的涪陵
41,肖申克的救赎,https://book.douban.com/subject/1829226/,https://img9.doubanio.com/view/subject/s/public/s4007145.jpg,[美] 斯蒂芬·金 , 施寄青 , 人民文学出版社 , 2006-7 , 29.90元,9.1,124351,豆瓣电影Top1原著
42,基督山伯爵,https://book.douban.com/subject/1085860/,https://img9.doubanio.com/view/subject/s/public/s3248016.jpg,[法国] 大仲马 , 周克希 , 上海译文出版社 , 1991-12-1 , 43.90元,9.1,132031,一个报恩复仇的故事，以法国波旁王朝和七月王朝为背景
43,城南旧事,https://book.douban.com/subject/1254588/,https://img1.doubanio.com/view/subject/s/public/s2654869.jpg,林海音 文 ,, 中国青年出版社 , 2003-7 , 16.00元,9.1,162268,长亭外，古道边，芳草碧连天
44,霍乱时期的爱情,https://book.douban.com/subject/10594787/,https://img3.doubanio.com/view/subject/s/public/s11284102.jpg,[哥伦比亚] 加西亚·马尔克斯 , 杨玲 , 南海出版公司 , 2012-9-1 , 39.50元,9.0,294520,义无反顾地直达爱情的核心
45,故事新编,https://book.douban.com/subject/2046909/,https://img3.doubanio.com/view/subject/s/public/s34099297.jpg,鲁迅 ,, 人民文学出版社 , 1973-12-01 , 0.31 元,9.5,46115,拾取古代传说，取一点因由，随意点染
46,朝花夕拾,https://book.douban.com/subject/1449352/,https://img1.doubanio.com/view/subject/s/public/s34099290.jpg,鲁迅 ,, 人民文学出版社 , 1973-4 , 0.25元,9.1,160683,在纷扰中寻出一点闲静
47,万历十五年,https://book.douban.com/subject/1041482/,https://img9.doubanio.com/view/subject/s/public/s1800355.jpg,[美] 黄仁宇 ,, 生活·读书·新知三联书店 , 1997-5 , 18.00元,9.0,207322,见微知著，历史观的颠覆
48,秋园,https://book.douban.com/subject/34998019/,https://img1.doubanio.com/view/subject/s/public/s33640730.jpg,杨本芬 ,, 北京联合出版公司 , 2020-6 , 38.00元,9.0,123306,
49,艺术的故事,https://book.douban.com/subject/3162991/,https://img3.doubanio.com/view/subject/s/public/s3219163.jpg,[英] 贡布里希 (Sir E.H.Gombrich) , 范景中 , 广西美术出版社 , 2008-04 , 280.00,9.5,27364,从最早的洞窟绘画到当今的实验艺术
50,置身事内,https://book.douban.com/subject/35546622/,https://img3.doubanio.com/view/subject/s/public/s33956867.jpg,兰小欢 ,, 上海人民出版社 , 2021-8 , 65.00元,9.1,89242,
51,月亮和六便士,https://book.douban.com/subject/1858513/,https://img1.doubanio.com/view/subject/s/public/s2659208.jpg,[英] 毛姆 , 傅惟慈 , 上海译文出版社 , 2006-8 , 15.00元,9.0,215174,有多少人会经历顿悟，就有更少的人甘愿自我放逐
52,射雕英雄传,https://book.douban.com/subject/1044547/,https://img9.doubanio.com/view/subject/s/public/s2157336.jpg,金庸 ,, 生活·读书·新知三联书店 , 1999-04 , 47.00元,9.1,87822,侠之大者，为国为民
53,厌女,https://book.douban.com/subject/25836270/,https://img3.doubanio.com/view/subject/s/public/s33797467.jpg,上野千鹤子 , 王兰 , 上海三联书店 , 2015-1 , 28.00,9.1,87378,
54,追风筝的人,https://book.douban.com/subject/1770782/,https://img1.doubanio.com/view/subject/s/public/s1727290.jpg,[美] 卡勒德·胡赛尼 , 李继宏 , 上海人民出版社 , 2006-5 , 29.00元,8.9,805706,为你，千千万万遍
55,寻路中国,https://book.douban.com/subject/5414391/,https://img1.doubanio.com/view/subject/s/public/s32271209.jpg,[美] 彼得·海斯勒 , 李雪顺 , 上海译文出版社 , 2011-1 , 33.00元,9.0,58959,《纽约客》驻北京记者驾车漫游中国大陆的经历
56,树上的男爵,https://book.douban.com/subject/6789605/,https://img9.doubanio.com/view/subject/s/public/s8968135.jpg,[意大利]伊塔洛·卡尔维诺 , 吴正仪 , 译林出版社 , 2012-4-1 , 30.00元,9.1,64209,是不是真的只有先与人疏离，才能最终与他们在一起？
57,无人生还,https://book.douban.com/subject/3006581/,https://img1.doubanio.com/view/subject/s/public/s2962510.jpg,[英] 阿加莎・克里斯蒂 , 祁阿红 , 人民文学出版社 , 2008-3 , 19.00,9.0,155853,童谣杀人案
58,刀锋,https://book.douban.com/subject/2035162/,https://img3.doubanio.com/view/subject/s/public/s2347562.jpg,[英]毛姆 , 周煦良 , 上海译文出版社 , 2007-3 , 18.00元,9.0,95517,一把刀的锋刃不容易越过；因此智者说得救之道是困难的
59,西游记（全二册）,https://book.douban.com/subject/1029553/,https://img9.doubanio.com/view/subject/s/public/s1627374.jpg,吴承恩 , 黄肃秋 注释 , 人民文学出版社 , 2004-8 , 47.20元,9.1,93569,神魔皆有人情，精魅亦通世故
60,格林童话全集,https://book.douban.com/subject/1043008/,https://img2.doubanio.com/view/subject/s/public/s1134341.jpg,[德]格林兄弟 , 魏以新 , 人民文学出版社 , 1994-11 , 21.45元,9.0,97575,一本有教育意义的书
61,中国少年儿童百科全书（全四册）,https://book.douban.com/subject/1028409/,https://img9.doubanio.com/view/subject/s/public/s34069455.jpg,林崇德 主编 ,, 浙江教育出版社 , 1991-4 , 168.00元,9.4,19608,
62,嫌疑人X的献身,https://book.douban.com/subject/3211779/,https://img9.doubanio.com/view/subject/s/public/s3254244.jpg,[日] 东野圭吾 , 刘子倩 , 南海出版公司 , 2008-9 , 28.00,8.9,533770,数学好是一种极致的浪漫
63,黄金时代,https://book.douban.com/subject/1089243/,https://img3.doubanio.com/view/subject/s/public/s1076372.jpg,王小波 ,, 花城出版社 , 1999-3 , 19.00元,8.9,169832,我想爱，想吃，还想在一瞬间变成天上半明半暗的云
64,太白金星有点烦,https://book.douban.com/subject/36328704/,https://img9.doubanio.com/view/subject/s/public/s34544956.jpg,马伯庸 ,, 湖南文艺出版社 , 2023-6 , 45.00,9.0,112721,
65,鼠疫,https://book.douban.com/subject/24257229/,https://img2.doubanio.com/view/subject/s/public/s27003191.jpg,[法] 阿尔贝·加缪 , 刘方 , 上海译文出版社 , 2013-8 , 34.00元,9.1,84746,用别样的监禁生活再现某种监禁生活，与用不存在的事表现真事同等合理
66,傲慢与偏见,https://book.douban.com/subject/1083428/,https://img3.doubanio.com/view/subject/s/public/s4250062.jpg,[英] 奥斯丁 , 张玲 , 人民文学出版社 , 1993-7 , 13.00元,8.9,236698,所有现代言情小说的母体
67,史记（全十册）,https://book.douban.com/subject/1077847/,https://img9.doubanio.com/view/subject/s/public/s1953384.jpg,司马迁 , （索隐）司马贞，（正义）张守节 , 中华书局 , 1982-11 , 125.00,9.6,25778,史家之绝唱，无韵之离骚
68,可能性的艺术,https://book.douban.com/subject/35819419/,https://img2.doubanio.com/view/subject/s/public/s34192061.jpg,刘瑜 ,, 广西师范大学出版社 , 2022-4 , 82.00元,9.2,44428,
69,悲惨世界（上中下）,https://book.douban.com/subject/1205054/,https://img9.doubanio.com/view/subject/s/public/s4521754.jpg,[法] 雨果 , 李丹 , 人民文学出版社 , 1992-6 , 66.00元,9.1,65020,现实主义与浪漫主义的至高杰作
70,台北人,https://book.douban.com/subject/5337248/,https://img9.doubanio.com/view/subject/s/public/s4526465.jpg,白先勇 ,, 广西师范大学出版社 , 2010-10 , 38.00元,9.0,77247,白先勇短篇小说集
71,诗经,https://book.douban.com/subject/1883245/,https://img1.doubanio.com/view/subject/s/public/s2177629.jpg,孔丘 编订 ,, 北京出版社 , 2006-7 , 19.90元,9.5,29661,思无邪
72,永恒的终结,https://book.douban.com/subject/25829693/,https://img2.doubanio.com/view/subject/s/public/s27409671.jpg,[美] 艾萨克·阿西莫夫 , 崔正男 , 江苏凤凰文艺出版社 , 2014-9 , 32.00元,9.1,50133,关于时间旅行的终极奥秘和恢宏构想
73,始于极限,https://book.douban.com/subject/35966120/,https://img9.doubanio.com/view/subject/s/public/s34300626.jpg,[日] 上野千鹤子 , 曹逸冰 , 新星出版社 , 2022-9-20 , 59,9.0,77524,
74,刘擎西方现代思想讲义,https://book.douban.com/subject/35313227/,https://img2.doubanio.com/view/subject/s/public/s33802981.jpg,刘擎 ,, 新星出版社 , 2021-1 , 79.00元,9.2,39595,
75,孽子,https://book.douban.com/subject/5337254/,https://img1.doubanio.com/view/subject/s/public/s6240330.jpg,白先勇 ,, 广西师范大学出版社 , 2010-10 , 46.00元,9.2,51033,写给那一群， 在最深最深的黑夜里， 独自彷徨街头， 无所依归的孩子们
76,四世同堂,https://book.douban.com/subject/3183775/,https://img1.doubanio.com/view/subject/s/public/s3228699.jpg,老舍 ,, 北京十月文艺出版社 , 2008-07 , 36.00元,9.4,42861,北平沦陷时代广大平民的悲惨遭遇
77,神雕侠侣,https://book.douban.com/subject/1255624/,https://img9.doubanio.com/view/subject/s/public/s26018916.jpg,金庸 , 有1996年11月北平第4次印本 , 生活·读书·新知三联书店 , 1994-5 , 76.80元,8.9,103068,至情至性，情大于武
78,美丽新世界,https://book.douban.com/subject/27002046/,https://img9.doubanio.com/view/subject/s/public/s29477615.jpg,【英】奥尔德斯·赫胥黎 , 陈超 , 上海译文出版社 , 2017-6 , 45.00元,9.2,62384,
79,历史深处的忧虑,https://book.douban.com/subject/1027191/,https://img9.doubanio.com/view/subject/s/public/s1768916.jpg,林达 ,, 生活·读书·新知三联书店 , 1997-5 , 19.00元,9.0,46696,窥见美国社会的一扇窗
80,上帝掷骰子吗,https://book.douban.com/subject/1467022/,https://img9.doubanio.com/view/subject/s/public/s1486674.jpg,曹天元 ,, 辽宁教育出版社 , 2006-1 , 32.00元,9.2,35719,量子物理史话
81,灿烂千阳,https://book.douban.com/subject/2143732/,https://img9.doubanio.com/view/subject/s/public/s2651394.jpg,[美] 卡勒德·胡赛尼 , 李继宏 , 上海人民出版社 , 2007-9 , 28.00元,8.9,125745,唯有希望与爱可以驱散阴霾
82,唐诗三百首,https://book.douban.com/subject/1013267/,https://img1.doubanio.com/view/subject/s/public/s1008848.jpg,蘅塘退士 ,, 中华书局 , 1984-07-01 , 0.65,9.4,28257,熟读唐诗三百首，不会吟诗也会吟
83,一个叫欧维的男人决定去死,https://book.douban.com/subject/26672693/,https://img1.doubanio.com/view/subject/s/public/s29847168.jpg,[瑞典] 弗雷德里克·巴克曼 , 宁蒙 , 四川文艺出版社 , 2015-12 , 35.00元,9.1,73132,这个发生在瑞典的故事，如生命庆典般绚丽斑斓
84,窗边的小豆豆,https://book.douban.com/subject/1007914/,https://img2.doubanio.com/view/subject/s/public/s1067911.jpg,[日] 黑柳彻子 著 , 赵玉皎 , 南海出版公司 , 2003-1 , 20.00元,8.8,216654,真正懂孩子的教育经
85,哭泣的骆驼,https://book.douban.com/subject/1029111/,https://img9.doubanio.com/view/subject/s/public/s1020454.jpg,三毛 ,, 哈尔滨出版社 , 2003-6 , 15.80元,9.0,58543,沙漠中寻常的生与死
86,最好的告别,https://book.douban.com/subject/26576861/,https://img3.doubanio.com/view/subject/s/public/s28260907.jpg,[美] 阿图·葛文德（Atul Gawande） , 王一方 主编 , 浙江人民出版社 , 2015-7-31 , 54.90元,9.0,53057,关于衰老与死亡，你必须知道的常识
87,美的历程,https://book.douban.com/subject/3410718/,https://img3.doubanio.com/view/subject/s/public/s3893343.jpg,李泽厚 ,, 生活·读书·新知三联书店 , 2009-7 , 43.00元,9.2,33674,中国美学经典之作
88,绝叫,https://book.douban.com/subject/35031587/,https://img3.doubanio.com/view/subject/s/public/s33685372.jpg,[日] 叶真中显 , 林佩瑾 , 北京联合出版公司 , 2020-7 , 58.00元,8.9,117661,
89,文学回忆录,https://book.douban.com/subject/20440644/,https://img1.doubanio.com/view/subject/s/public/s24611679.jpg,木心 口述 ,, 广西师范大学出版社 , 2013-1-10 , 98.00元,9.1,45295,木心留给世界的礼物
90,呼兰河传,https://book.douban.com/subject/1060852/,https://img1.doubanio.com/view/subject/s/public/s1167060.jpg,萧红 ,, 百花文艺出版社 , 2005-01 , 19.00,9.0,86432,萧红的童年往事
91,人间词话,https://book.douban.com/subject/1203426/,https://img9.doubanio.com/view/subject/s/public/s1146614.jpg,王国维 ,, 上海古籍出版社 , 1998-12 , 9.80元,9.1,56479,以新眼光评旧文学
92,冬牧场,https://book.douban.com/subject/10522856/,https://img2.doubanio.com/view/subject/s/public/s8958901.jpg,李娟 ,, 新星出版社 , 2012-6 , 29.80元,9.1,43224,阿勒泰的精灵
93,毛泽东选集 第一卷,https://book.douban.com/subject/1139360/,https://img2.doubanio.com/view/subject/s/public/s1106951.jpg,毛泽东 ,, 人民出版社 , 1991-6 , 40.00元,9.6,31898,
94,离开的，留下的,https://book.douban.com/subject/27104959/,https://img2.doubanio.com/view/subject/s/public/s29535271.jpg,[意] 埃莱娜·费兰特 , 陈英 , 人民文学出版社 , 2017-10 , 62.00元,8.9,80679,探索中年的虚无、困惑、野心和近乎残暴的爱
95,道德经,https://book.douban.com/subject/1059258/,https://img2.doubanio.com/view/subject/s/public/s1045431.jpg,黄元吉 ,, 陕西人民出版社 , 1996-10 , 4.50元,9.5,21310,中国历史上首部完整的哲学著作
96,罪与罚,https://book.douban.com/subject/1858568/,https://img9.doubanio.com/view/subject/s/public/s1790246.jpg,[俄] 陀思妥耶夫斯基 , 岳麟 , 上海译文出版社 , 2006-8 , 23.00元,9.3,37389,描绘人内心的全部深度
97,棋王·树王·孩子王,https://book.douban.com/subject/26734559/,https://img3.doubanio.com/view/subject/s/public/s28688273.jpg,阿城 ,, 江苏凤凰文艺出版社 , 2016-3-1 , 58.00,9.3,31076,
98,看见,https://book.douban.com/subject/20427187/,https://img1.doubanio.com/view/subject/s/public/s24514758.jpg,柴静 ,, 广西师范大学出版社 , 2013-1-1 , 39.80元,8.8,342090,在这里看见中国
99,也许你该找个人聊聊,https://book.douban.com/subject/35481512/,https://img3.doubanio.com/view/subject/s/public/s33944153.jpg,[美]洛莉·戈特利布 , 张含笑 , 上海文化出版社 , 2021-7-28 , 68.00元,9.0,54205,
100,叫魂,https://book.douban.com/subject/25912076/,https://img3.doubanio.com/view/subject/s/public/s28118682.jpg,[美] 孔飞力 , 陈兼 , 生活·读书·新知三联书店 上海三联书店 , 2014-6 , 38.00元,9.2,33874,
101,浪潮之巅,https://book.douban.com/subject/6709783/,https://img9.doubanio.com/view/subject/s/public/s6807265.jpg,吴军 ,, 电子工业出版社 , 2011-8 , 55.00元,9.0,34252,了解IT领域的入门读物
102,筚路维艰,https://book.douban.com/subject/26171466/,https://img1.doubanio.com/view/subject/s/public/s33986279.jpg,萧冬连 ,, 社会科学文献出版社 , 2014-10-1 , 45.00元,9.5,19461,
103,一间只属于自己的房间,https://book.douban.com/subject/34835082/,https://img1.doubanio.com/view/subject/s/public/s34848979.jpg,[英] 弗吉尼亚·伍尔夫 , 周颖琪 , 天津人民出版社 , 2019-10 , 45.00元,9.2,35355,
104,爱你就像爱生命,https://book.douban.com/subject/3071717/,https://img3.doubanio.com/view/subject/s/public/s4661043.jpg,王小波 ,, 上海锦绣文章出版社 , 2008-5 , 18.00元,8.8,117248,王小波与李银河的两地书
105,我们仨,https://book.douban.com/subject/1023045/,https://img3.doubanio.com/view/subject/s/public/s1015872.jpg,杨绛 ,, 生活·读书·新知三联书店 , 2003-7 , 18.80元,8.8,315698,家庭生活回忆录
106,桶川跟踪狂杀人事件,https://book.douban.com/subject/35094680/,https://img9.doubanio.com/view/subject/s/public/s34072986.jpg,[日] 清水洁 , 王华懋 , 四川人民出版社 , 2021-2 , 45.00元,9.0,52487,
107,失明症漫记,https://book.douban.com/subject/20428302/,https://img1.doubanio.com/view/subject/s/public/s27217828.jpg,[葡] 若泽·萨拉马戈 , 范维信 , 南海出版公司 , 2014-2 , 29.50元,9.1,40795,失明症迅速蔓延，整个城市陷入一场空前的灾难
108,遥远的向日葵地,https://book.douban.com/subject/27184303/,https://img1.doubanio.com/view/subject/s/public/s29878650.jpg,李娟 ,, 花城出版社 , 2017-11 , 38.00元,9.1,38720,
109,人生的枷锁,https://book.douban.com/subject/2035171/,https://img1.doubanio.com/view/subject/s/public/s3983958.jpg,[英] 毛姆 , 张柏然 , 上海译文出版社 , 2007-3 , 32.00元,9.1,32112,在混沌纷扰的生活漩流中，寻求人生的真谛
110,看不见的城市,https://book.douban.com/subject/10555509/,https://img1.doubanio.com/view/subject/s/public/s8972088.jpg,[意] 伊塔洛·卡尔维诺 , 张密 , 译林出版社 , 2012-4 , 25.00元,9.0,39213,
111,受戒,https://book.douban.com/subject/1760432/,https://img3.doubanio.com/view/subject/s/public/s3628082.jpg,汪曾祺 ,, 漓江出版社 , 1987-10 , 3.95元,9.4,28359,江南乡镇民间生活，健康淳朴的人性
112,巨人的陨落,https://book.douban.com/subject/26698660/,https://img9.doubanio.com/view/subject/s/public/s28668834.jpg,[英] 肯·福莱特 , 于大卫 , 江苏凤凰文艺出版社 , 2016-5-1 , CNY 129.80,8.9,86583,五个家族，一场战争
113,海子的诗,https://book.douban.com/subject/1011754/,https://img2.doubanio.com/view/subject/s/public/s1067491.jpg,海子 ,, 人民文学出版社 , 1999-04 , 15.40,9.0,47700,
114,教父,https://book.douban.com/subject/1092335/,https://img1.doubanio.com/view/subject/s/public/s2832939.jpg,[美]马里奥·普佐 , 周汉林 , 译林出版社 , 1997-8 , 23.30元,9.0,41215,“教父三部曲”电影原著
115,飞鸟集,https://book.douban.com/subject/1058661/,https://img3.doubanio.com/view/subject/s/public/s1044902.jpg,[印] 罗宾德拉纳德·泰戈尔 , 徐翰林 , 哈尔滨出版社 , 2004-6 , 16.80元,8.9,67636,一个淡泊清透的世界
116,茶馆,https://book.douban.com/subject/1036613/,https://img1.doubanio.com/view/subject/s/public/s33516550.jpg,老舍 ,, 人民文学出版社 , 2002-1 , 9.80元,9.2,35785,清末、民初、抗战胜利以后三个历史时期的北京生活风貌
117,少年凯歌,https://book.douban.com/subject/1091203/,https://img9.doubanio.com/view/subject/s/public/s1077996.jpg,,,人民文学出版社 , 2001-6 , 10.00元,9.3,19596,
118,人生的智慧,https://book.douban.com/subject/3261600/,https://img9.doubanio.com/view/subject/s/public/s4619775.jpg,(德)叔本华 , 韦启昌 , 上海人民出版社 , 2008-10-01 , 28.00元,9.2,34021,对世俗、实用问题深刻而透彻的讨论
119,西线无战事,https://book.douban.com/subject/35272817/,https://img1.doubanio.com/view/subject/s/public/s33779178.jpg,[德] 埃里希·玛丽亚·雷马克 , 姜乙 , 上海文艺出版社 , 2021-1 , 49,9.4,23605,
120,流俗地,https://book.douban.com/subject/35430425/,https://img3.doubanio.com/view/subject/s/public/s33884123.jpg,[马来西亚] 黎紫书 ,, 北京十月文艺出版社 , 2021-4-1 , 55.00元,9.2,24680,
121,鹿鼎记,https://book.douban.com/subject/1212893/,https://img1.doubanio.com/view/subject/s/public/s3134040.jpg,金庸 ,, 广州出版社 花城出版社 , 2008-3 , 108.00元,8.9,56736,武侠的解构，流氓的狂欢
122,斯通纳,https://book.douban.com/subject/26425831/,https://img2.doubanio.com/view/subject/s/public/s28332051.jpg,[美] 约翰·威廉斯 , 杨向荣 , 上海人民出版社 , 2016-1 , 49.00元,8.8,67073,即使不能拥有完美的生活，所幸追求过完整的自我
123,南京大屠杀,https://book.douban.com/subject/26545308/,https://img9.doubanio.com/view/subject/s/public/s28297426.jpg,[美]张纯如（Iris Chang） , 谭春霞 , 中信出版社 , 2015-8 , 49.00元,9.7,21501,
124,边城,https://book.douban.com/subject/1057244/,https://img3.doubanio.com/view/subject/s/public/s1595557.jpg,沈从文 ,, 北岳文艺出版社 , 2002-4 , 12.00元,8.7,234700,一切充满了善，然而到处是不凑巧
125,陆犯焉识,https://book.douban.com/subject/6880158/,https://img3.doubanio.com/view/subject/s/public/s6987353.jpg,严歌苓 ,, 作家出版社 , 2011-10 , 35.00元,8.9,58895,翻手为苍凉，覆手为繁华
126,额尔古纳河右岸,https://book.douban.com/subject/34432750/,https://img1.doubanio.com/view/subject/s/public/s34734949.jpg,迟子建 ,, 人民文学出版社 , 2019-6-1 , 32.00元,9.0,57932,
127,克莱因壶,https://book.douban.com/subject/33658616/,https://img3.doubanio.com/view/subject/s/public/s33317677.jpg,[日] 冈岛二人 , 张舟 , 化学工业出版社 , 2019-9 , 48.00元,8.8,74434,
128,十万个为什么,https://book.douban.com/subject/2160556/,https://img1.doubanio.com/view/subject/s/public/s2619779.jpg,,,少年儿童出版社 , 1962 , 30.00元,9.2,20695,
129,面纱,https://book.douban.com/subject/26757680/,https://img9.doubanio.com/view/subject/s/public/s28561075.jpg,[英] 威廉·萨默塞特·毛姆 , 于大卫 , 江西人民出版社 , 2016-4-1 , 39.8元,9.0,43882,
130,人间草木,https://book.douban.com/subject/1253310/,https://img1.doubanio.com/view/subject/s/public/s1201610.jpg,汪曾祺 ,, 江苏文艺出版社 , 2005-01 , 20.00元,9.2,34348,我就是要这样香，香得痛痛快快
131,梦里花落知多少,https://book.douban.com/subject/2070844/,https://img3.doubanio.com/view/subject/s/public/s2393243.jpg,三毛 ,, 北京十月文艺出版社 , 2007-6 , 28.00元,8.8,99218,哀而不伤
132,时间简史,https://book.douban.com/subject/1034282/,https://img2.doubanio.com/view/subject/s/public/s1914861.jpg,[英] 史蒂芬·霍金 , 许明贤 , 湖南科学技术出版社 , 2010-4 , 45.00元,8.9,63655,探索时间和空间的核心秘密
133,平面国,https://book.douban.com/subject/35170896/,https://img1.doubanio.com/view/subject/s/public/s33710398.jpg,[英] 埃德温·A.艾勃特 , 鲁冬旭 , 上海文化出版社 , 2020-8 , 39.80元,9.2,25936,
134,王尔德童话,https://book.douban.com/subject/1119839/,https://img9.doubanio.com/view/subject/s/public/s2019056.jpg,[英] 王尔德 , 王林 , 译林出版社 , 2003-6 , 6.00元,9.1,24694,一颗纯美纯善、永难泯灭的童心
135,我的天才女友,https://book.douban.com/subject/26878124/,https://img3.doubanio.com/view/subject/s/public/s29164777.jpg,[意] 埃莱娜·费兰特 , 陈英 , 人民文学出版社 , 2017-1 , 42.00元,8.7,122738,“那不勒斯四部曲”第一部，两个女人，50年的友谊和战争
136,13 67,https://book.douban.com/subject/25897884/,https://img1.doubanio.com/view/subject/s/public/s33699260.jpg,陳浩基 ,, 皇冠文化出版有限公司 , 2014-6-9 , NT$350,9.1,23468,
137,小径分岔的花园,https://book.douban.com/subject/25796120/,https://img1.doubanio.com/view/subject/s/public/s29746559.jpg,[阿根廷] 豪·路·博尔赫斯 , 王永年 , 上海译文出版社 , 2015-7 , 23.00,8.9,49848,一个谜语，谜底正是时间
138,这些人，那些事,https://book.douban.com/subject/6388661/,https://img2.doubanio.com/view/subject/s/public/s6828981.jpg,吴念真 ,, 译林出版社 , 2011-9 , 28.00元,8.8,68390,平淡叙述下的惊心动魄
139,金色梦乡,https://book.douban.com/subject/5038409/,https://img9.doubanio.com/view/subject/s/public/s4444885.jpg,[日] 伊坂幸太郎 , 李彦桦 , 译林出版社 , 2010-9 , 35.00元,9.0,31886,伊坂幸太郎代表作
140,昨日的世界,https://book.douban.com/subject/27615361/,https://img9.doubanio.com/view/subject/s/public/s29786716.jpg,[奥] 斯特凡·茨威格 , 徐友敬 , 上海译文出版社 , 2018-7 , 49.00元,9.4,16639,
141,一句顶一万句,https://book.douban.com/subject/3633461/,https://img1.doubanio.com/view/subject/s/public/s6916838.jpg,刘震云 ,, 长江文艺出版社 , 2009-3 , 29.80,8.8,90249,一句胜过千年
142,地下室手记,https://book.douban.com/subject/34990839/,https://img3.doubanio.com/view/subject/s/public/s33638812.jpg,(俄罗斯) 陀思妥耶夫斯基 , 曾思艺 , 浙江文艺出版社 , 2020-5 , 39.8,9.2,28684,
143,你当像鸟飞往你的山,https://book.douban.com/subject/33440205/,https://img9.doubanio.com/view/subject/s/public/s33492346.jpg,塔拉·韦斯特弗 , 任爱红 , 南海出版公司 , 2019-10 , 59.00元,8.7,201122,我来自一个极少有人能想象的家庭，教育给了我新世界
144,绿毛水怪,https://book.douban.com/subject/3518332/,https://img9.doubanio.com/view/subject/s/public/s3675595.jpg,王小波 ,, 时代文艺出版社 , 2009-1 , 30.00元,9.1,26022,我们好象在池塘的水底，从一个月亮走向另一个月亮
145,2001：太空漫游,https://book.douban.com/subject/30471298/,https://img2.doubanio.com/view/subject/s/public/s32330891.jpg,[英] 阿瑟·克拉克 , 郝明义 , 上海文艺出版社 , 2019-4-10 , 62.00元,9.3,23726,
146,檀香刑,https://book.douban.com/subject/26905337/,https://img1.doubanio.com/view/subject/s/public/s33562530.jpg,莫言 ,, 浙江文艺出版社 , 2017-1 , 56.00元,9.3,35279,
147,故事,https://book.douban.com/subject/25976544/,https://img1.doubanio.com/view/subject/s/public/s27598249.jpg,[美] 罗伯特·麦基 , 周铁东 , 天津人民出版社 , 2014-9 , 68.00元,9.2,20358,材质、结构、风格和银幕剧作的原理
148,海的女儿,https://book.douban.com/subject/1765512/,https://img9.doubanio.com/view/subject/s/public/s4133656.jpg,安徒生 , 叶君健 , 上海译文出版社 , 1978年6月 , 0.43,9.1,25406,
149,鹿川有许多粪,https://book.douban.com/subject/35517022/,https://img3.doubanio.com/view/subject/s/public/s33968312.jpg,李沧东 , 春喜 , 武汉大学出版社 , 2021-8 , 58.00元,8.9,36912,
150,经济学原理（上下）,https://book.douban.com/subject/1028842/,https://img9.doubanio.com/view/subject/s/public/s1785715.jpg,[美] 曼昆 , 梁小民 , 机械工业出版社 , 2003-8 , 88.00元,9.1,22826,经济学家们的世界观
151,安娜·卡列尼娜,https://book.douban.com/subject/2253380/,https://img1.doubanio.com/view/subject/s/public/s5763939.jpg,[俄] 列夫·托尔斯泰 , 草婴 , 上海文艺出版社 , 2007-8 , 37.00元,9.2,31825,
152,长日将尽,https://book.douban.com/subject/30142261/,https://img1.doubanio.com/view/subject/s/public/s29738720.jpg,[英] 石黑一雄 , 冯涛 , 上海译文出版社 , 2018-5 , 48,8.9,39856,
153,國史大綱（上下）,https://book.douban.com/subject/1046492/,https://img9.doubanio.com/view/subject/s/public/s6795555.jpg,錢穆 ,, 商务印书馆 , 2013-8 , 76.00元,9.4,16814,钱穆中国通史
154,阿勒泰的角落,https://book.douban.com/subject/4881850/,https://img1.doubanio.com/view/subject/s/public/s6185540.jpg,李娟 ,, 万卷出版公司 , 2010-6 , 25.00元,9.1,22698,白雪和阳光，青草和白桦林
155,强风吹拂,https://book.douban.com/subject/26210487/,https://img1.doubanio.com/view/subject/s/public/s27914268.jpg,三浦紫苑 , 林佩瑾 , 广西师范大学出版社 , 2015-1-1 , 39.00元,9.0,30067,明明这么痛苦，这么难过，为什么就是不能放弃跑步？
156,一个陌生女人的来信,https://book.douban.com/subject/2154960/,https://img1.doubanio.com/view/subject/s/public/s2611329.jpg,[奥] 斯蒂芬·茨威格 , 张玉书 , 上海译文出版社 , 2007-7 , 20.00元,8.7,149849,暗恋的极致
157,明亮的夜晚,https://book.douban.com/subject/36457094/,https://img3.doubanio.com/view/subject/s/public/s34577743.jpg,[韩]崔恩荣 , 叶蕾 , 台海出版社 , 2023-8 , 52,9.0,36122,
158,万水千山走遍,https://book.douban.com/subject/1036490/,https://img3.doubanio.com/view/subject/s/public/s1099483.jpg,三毛 ,, 哈尔滨出版社 , 2003-08 , 13.80,8.9,47083,从遥远的撒哈拉到敦煌戈壁
159,苏菲的世界,https://book.douban.com/subject/2284311/,https://img1.doubanio.com/view/subject/s/public/s3042670.jpg,[挪] 乔斯坦·贾德 , 萧宝森 , 作家出版社 , 2007-10 , 26.00元,8.8,60464,哲学启蒙书
160,史蒂夫·乔布斯传,https://book.douban.com/subject/6798611/,https://img3.doubanio.com/view/subject/s/public/s6974202.jpg,[美] 沃尔特·艾萨克森 , 管延圻 , 中信出版社 , 2011-10-24 , 68.00元,8.8,62523,完美主义者的最高形态
161,爱的艺术,https://book.douban.com/subject/3026879/,https://img9.doubanio.com/view/subject/s/public/s2990934.jpg,[美] 艾·弗洛姆 , 李健鸣 , 上海译文出版社 , 2008-4 , 15.00元,8.8,52261,谦恭地、勇敢地、真诚地和有纪律地爱他人
162,草房子,https://book.douban.com/subject/1052990/,https://img1.doubanio.com/view/subject/s/public/s2652540.jpg,曹文轩 ,, 江苏少年儿童出版社 , 2009-6 , 18.00元,9.0,56400,男孩桑桑刻骨铭心、终身难忘的六年小学生活
163,德米安,https://book.douban.com/subject/3578470/,https://img2.doubanio.com/view/subject/s/public/s5988251.jpg,[德] 赫尔曼·黑塞 , 丁君君 , 上海人民出版社 , 2009-3 , 25.00元,8.9,40448,少年辛克莱寻找通向自身之路的艰辛历程
164,半生缘,https://book.douban.com/subject/10757938/,https://img1.doubanio.com/view/subject/s/public/s10199588.jpg,张爱玲 ,, 北京十月文艺出版社 , 2012-6-1 , 29.60元,9.1,34476,
165,我不知道该说什么，关于死亡还是爱情,https://book.douban.com/subject/25884880/,https://img3.doubanio.com/view/subject/s/public/s28313152.jpg,[白俄] S·A·阿列克谢耶维奇 , 方祖芳 , 花城出版社 , 2014-6-15 , 34.80元,9.2,20798,真实记录切尔诺贝利核灾难事件
166,球状闪电,https://book.douban.com/subject/1192090/,https://img9.doubanio.com/view/subject/s/public/s26040205.jpg,刘慈欣 ,, 四川科学技术出版社 , 2005-6 , 22.00元,8.7,91319,量子之外，没有真相
167,恶意,https://book.douban.com/subject/26877752/,https://img9.doubanio.com/view/subject/s/public/s29827014.jpg,[日] 东野圭吾 , 娄美莲 , 南海出版公司 , 2016-11 , 39.50元,8.7,140765,
168,亮剑,https://book.douban.com/subject/1088022/,https://img3.doubanio.com/view/subject/s/public/s1513433.jpg,都梁 ,, 解放军文艺出版社 , 2005-3 , 28.00元,9.0,32213,面对强大的对手，明知不敌，也要毅然亮剑
169,温柔的夜,https://book.douban.com/subject/2068249/,https://img1.doubanio.com/view/subject/s/public/s2391798.jpg,三毛 ,, 北京十月文艺出版社 , 2007-5 , 28.00元,9.1,24344,三毛在加纳利群岛的生活
170,霸王别姬,https://book.douban.com/subject/1088711/,https://img9.doubanio.com/view/subject/s/public/s24964086.jpg,李碧华 ,, 人民文学出版社 , 1999-1 , 10.20元,9.1,23157,人间，只是抹去了脂粉的脸
171,全球通史(上),https://book.douban.com/subject/1922216/,https://img2.doubanio.com/view/subject/s/public/s28330151.jpg,[美]斯塔夫里阿诺斯 , 吴象婴 , 北京大学出版社 , 2006-1-10 , 42.00,9.2,19816,
172,不能承受的生命之轻,https://book.douban.com/subject/4920007/,https://img3.doubanio.com/view/subject/s/public/s4421443.jpg,米兰·昆德拉 , 许钧 , 上海译文出版社 , 2010-8 , 29.00元,8.8,48555,
173,翦商,https://book.douban.com/subject/36096304/,https://img1.doubanio.com/view/subject/s/public/s34385069.jpg,李硕 ,, 广西师范大学出版社 , 2022-10 , 99.00元,9.0,32371,
174,冰与火之歌,https://book.douban.com/subject/25826936/,https://img9.doubanio.com/view/subject/s/public/s27218035.jpg,[美]乔治·R.R.马丁 , 谭光磊 , 重庆出版社 , 2013-10-1 , 330.00元,9.5,19827,乔治·R·R·马丁史诗奇幻小说
175,古文观止,https://book.douban.com/subject/1014561/,https://img3.doubanio.com/view/subject/s/public/s1325863.jpg,吴楚材 ,, 中华书局 , 1987-1-1 , 21.00元,9.1,19559,收录自先秦至明末的散文二百二十二篇
176,我的阿勒泰,https://book.douban.com/subject/4884218/,https://img1.doubanio.com/view/subject/s/public/s6180859.jpg,李娟 ,, 云南人民出版社 , 2010-7 , 25.00元,8.9,31171,描写疆北阿勒泰地区生活和风情的原生态散文集
177,生死疲劳,https://book.douban.com/subject/35587028/,https://img1.doubanio.com/view/subject/s/public/s34086258.jpg,莫言 ,, 浙江文艺出版社 , 2022-1 , 69.90元,9.0,48713,
178,天朝的崩溃,https://book.douban.com/subject/25935941/,https://img9.doubanio.com/view/subject/s/public/s27685036.jpg,茅海建 ,, 生活·读书·新知三联书店 , 2014-10 , 59.00元,9.4,15428,
179,麦琪的礼物,https://book.douban.com/subject/1051193/,https://img2.doubanio.com/view/subject/s/public/s1137441.jpg,[美] 欧·亨利 , 张经浩 , 上海社会科学院出版社 , 2003-7 , 25.00元,8.7,77245,日常的奇迹
180,倾城之恋,https://book.douban.com/subject/10757940/,https://img3.doubanio.com/view/subject/s/public/s10205753.jpg,张爱玲 ,, 北京十月文艺出版社 , 2012-6-1 , 29.80元,8.9,42075,
181,东晋门阀政治,https://book.douban.com/subject/10758290/,https://img9.doubanio.com/view/subject/s/public/s10206185.jpg,田余庆 ,, 北京大学出版社 , 2012-5 , 49.00元,9.5,14799,
182,社会心理学,https://book.douban.com/subject/1476651/,https://img3.doubanio.com/view/subject/s/public/s1670932.jpg,[美] 戴维·迈尔斯 , 张智勇 , 人民邮电出版社 , 2006-1 , 68.00元,9.0,27739,人们是如何思索、影响他人并与他人建立联系的
183,激荡三十年（上）,https://book.douban.com/subject/1970428/,https://img1.doubanio.com/view/subject/s/public/s10431840.jpg,吴晓波 ,, 中信出版社 浙江人民出版社 , 2007-1 , 35.00,8.8,32779,这是一个最好的时代，也是一个最坏的时代
184,我也有一个梦想,https://book.douban.com/subject/1014825/,https://img9.doubanio.com/view/subject/s/public/s2170315.jpg,林达 ,, 生活·读书·新知三联书店 , 2004-08 , 25.00元,9.0,16409,在法治国家里，民众怎样运用法律
185,一桩事先张扬的凶杀案,https://book.douban.com/subject/24382569/,https://img1.doubanio.com/view/subject/s/public/s26546959.jpg,[哥伦比亚] 加西亚·马尔克斯 , 魏然 , 南海出版公司 , 2013-6 , 25.00元,8.7,56079,我如此急切地想要讲述这桩案件，也许是它最终确定了我的作家生涯
186,海风中失落的血色馈赠,https://book.douban.com/subject/26357614/,https://img2.doubanio.com/view/subject/s/public/s28061231.jpg,[加拿大] 阿利斯泰尔·麦克劳德 , 陈以侃 , 上海文艺出版社 , 2015-6-1 , CNY 20.00,9.0,21654,男女之间、父母与子女之间紧密的纽带和难以逾越的鸿沟
187,亲密关系（第6版）,https://book.douban.com/subject/26585065/,https://img3.doubanio.com/view/subject/s/public/s34340992.jpg,[美] 罗兰·米勒 (Rowland S. Miller) , 王伟平 译 , 人民邮电出版社 , 2015-6 , 138.00元,9.2,28521,
188,天生有罪,https://book.douban.com/subject/30125030/,https://img3.doubanio.com/view/subject/s/public/s29675003.jpg,[南非] 特雷弗·诺亚 , 董帅 , 北京联合出版公司 , 2018-2-1 , 58.00,9.0,22128,
189,大明王朝1566,https://book.douban.com/subject/26925171/,https://img9.doubanio.com/view/subject/s/public/s29249996.jpg,刘和平 ,, 花城出版社 , 2016-7 , 88.00元,9.5,14400,
190,雕刻时光,https://book.douban.com/subject/26435510/,https://img2.doubanio.com/view/subject/s/public/s28622011.jpg,[苏] 安德烈·塔可夫斯基 , 张晓东 , 南海出版公司 , 2016-5 , 45.00元,9.5,10006,
191,情书,https://book.douban.com/subject/1080370/,https://img9.doubanio.com/view/subject/s/public/s1127135.jpg,[日] 岩井俊二 , 穆晓芳 , 天津人民出版社 , 2004-7 , 18.00元,8.6,109515,一场同名同姓的误会，两段可贵的爱情
192,李光耀观天下,https://book.douban.com/subject/26413154/,https://img3.doubanio.com/view/subject/s/public/s28095832.jpg,李光耀 ,, 北京大学出版社 , 2015-6 , 58.00元,9.2,15705,
193,在细雨中呼喊,https://book.douban.com/subject/20421947/,https://img3.doubanio.com/view/subject/s/public/s29032782.jpg,余华 ,, 作家出版社 , 2012-11-1 , 25.00元,8.8,80366,
194,万物有灵且美,https://book.douban.com/subject/4187411/,https://img9.doubanio.com/view/subject/s/public/s4093514.jpg,[英] 吉米·哈利 , 种衍伦 , 中国城市出版社 , 2010-1 , 28.80,8.9,23744,活泼的生命完全无须借助魔法，便能对我们述说至美至真的故事
195,理想国,https://book.douban.com/subject/1004821/,https://img1.doubanio.com/view/subject/s/public/s34157889.jpg,[古希腊] 柏拉图 , 郭斌和 , 商务印书馆 , 1986-8 , 28.00元,8.8,38817,人类历史上最早的乌托邦
196,骆驼祥子,https://book.douban.com/subject/1043815/,https://img1.doubanio.com/view/subject/s/public/s1146040.jpg,老舍 ,, 人民文学出版社 , 1962-10-1 , 12.00元,8.6,214147,旧中国老北京贫苦市民的典型命运
197,雷雨,https://book.douban.com/subject/1013416/,https://img3.doubanio.com/view/subject/s/public/s23579217.jpg,曹禺 ,, 人民文学出版社 , 1999-05 , 9.20,8.7,81072,一幕人生大悲剧，在一个雷雨夜爆发
198,从零开始的女性主义,https://book.douban.com/subject/35523099/,https://img3.doubanio.com/view/subject/s/public/s33984963.jpg,[日本] 上野千鹤子 , 吕灵芝 , 北京联合出版公司 , 2021-9 , 52.00元,8.7,71653,
199,一千零一夜,https://book.douban.com/subject/1035848/,https://img3.doubanio.com/view/subject/s/public/s1070937.jpg,纳训 ,, 人民文学出版社 , 2003-01 , 22.00,8.8,60580,阿拉伯地区的古代民间传说
200,倚天屠龙记,https://book.douban.com/subject/1070851/,https://img9.doubanio.com/view/subject/s/public/s34097535.jpg,金庸 ,, 生活·读书·新知三联书店 , 1999-04 , 47.00,8.7,63535,不识张郎是张郎
201,水浒传（全二册）,https://book.douban.com/subject/1008357/,https://img1.doubanio.com/view/subject/s/public/s1436519.jpg,[明] 施耐庵 ,, 人民文学出版社 , 1997-1 , 50.60元,8.7,80490,替天行道
202,尼罗河上的惨案,https://book.douban.com/subject/1818347/,https://img3.doubanio.com/view/subject/s/public/s1683067.jpg,[英] 阿加莎·克里斯蒂 , 宫英海 , 人民文学出版社 , 2006-5 , 22.00元,8.7,51502,阿加莎·克里斯蒂代表作
203,九州·缥缈录,https://book.douban.com/subject/1321017/,https://img1.doubanio.com/view/subject/s/public/s1520169.jpg,江南 ,, 新世界出版社 , 2005-6 , 20.00元,8.8,32315,乱世的英雄史诗
204,足利女童连续失踪事件,https://book.douban.com/subject/35776315/,https://img2.doubanio.com/view/subject/s/public/s34249411.jpg,[日] 清水洁 , 曾玉婷 , 文汇出版社 , 2022-7 , 49.00元,9.0,25385,
205,雨季不再来,https://book.douban.com/subject/2136140/,https://img1.doubanio.com/view/subject/s/public/s2563279.jpg,三毛 ,, 北京十月文艺出版社 , 2007-7 , 28.00元,8.8,56547,三毛少女时代的成长感受
206,送你一颗子弹,https://book.douban.com/subject/4238362/,https://img3.doubanio.com/view/subject/s/public/s4243447.jpg,刘瑜 ,, 上海三联书店 , 2010-1 , 25.00元,8.6,144897,在这本书里，被“审视”的东西杂七杂八
207,罗生门,https://book.douban.com/subject/3136271/,https://img1.doubanio.com/view/subject/s/public/s3435158.jpg,[日] 芥川龙之介 , 林少华 , 上海译文出版社 , 2008-7 , 12.00元,8.7,72622,人生，远比地狱更像地狱
208,荒原狼,https://book.douban.com/subject/3131626/,https://img1.doubanio.com/view/subject/s/public/s3286369.jpg,[德]赫尔曼·黑塞 , 赵登荣 , 上海译文出版社 , 2008-7 , 13.00,9.0,24581,“超现实主义”风格作品，德国的《尤利西斯》
209,孙子兵法,https://book.douban.com/subject/1949420/,https://img1.doubanio.com/view/subject/s/public/s2142329.jpg,孙武 , 郭化若 , 上海古籍出版社 , 2006-7 , 20.00元,9.4,14256,我国最古老最杰出的一部兵书
210,孩子你慢慢来,https://book.douban.com/subject/4207781/,https://img9.doubanio.com/view/subject/s/public/s4124434.jpg,龙应台 ,, 生活·读书·新知三联书店 , 2009-12-1 , 28.00元,8.7,80960,我们现在怎样做母亲
211,最好的我们,https://book.douban.com/subject/24754316/,https://img9.doubanio.com/view/subject/s/public/s26720726.jpg,八月长安 ,, 湖南文艺出版社 , 2013-8-5 , 55,8.8,73858,耿耿余淮
212,父权制与资本主义,https://book.douban.com/subject/34896921/,https://img3.doubanio.com/view/subject/s/public/s35012802.jpg,[日] 上野千鹤子 , 邹韵 , 浙江大学出版社 , 2020-3 , 58.00元,9.2,19505,
213,当呼吸化为空气,https://book.douban.com/subject/26896859/,https://img3.doubanio.com/view/subject/s/public/s29423902.jpg,[美] 保罗·卡拉尼什 , 何雨珈 , 浙江文艺出版社 , 2016-12 , 48.00元,8.9,30786,你在死亡中探究生命的意义，你见证生前的呼吸化作死后的空气
214,银河帝国：基地七部曲,https://book.douban.com/subject/26389895/,https://img9.doubanio.com/view/subject/s/public/s28284246.jpg,[美] 艾萨克·阿西莫夫 , 叶李华 , 江苏凤凰文艺出版社 , 2015-10-1 , 328.00元,9.5,17073,阿西莫夫经典科幻小说
215,浮生六记,https://book.douban.com/subject/1088581/,https://img9.doubanio.com/view/subject/s/public/s2280094.jpg,（清）沈复 ,, 人民文学出版社 , 1999-1 , 38,8.7,72615,苟不记之笔墨，未免有辜彼苍之厚
216,帷幕,https://book.douban.com/subject/26292535/,https://img3.doubanio.com/view/subject/s/public/s27988902.jpg,[英]阿加莎·克里斯蒂 , 李杨 , 新星出版社 , 2015-2 , 26.00,9.1,17934,
217,不存在的骑士,https://book.douban.com/subject/6789551/,https://img2.doubanio.com/view/subject/s/public/s8972061.jpg,[意] 伊塔洛·卡尔维诺 , 吴正仪 , 译林出版社 , 2012-4 , 22.00元,8.9,26980,
218,野火集,https://book.douban.com/subject/1426971/,https://img1.doubanio.com/view/subject/s/public/s1469589.jpg,龙应台 ,, 文汇出版社 , 2005-8 , 25.00元,8.7,35543,中国人，你为什么不生气
219,庄子,https://book.douban.com/subject/2046236/,https://img9.doubanio.com/view/subject/s/public/s5765615.jpg,孙通海 译注 , 孙通海  译注 , 中华书局 , 2007-04 , 20.00元,9.4,12575,野马也，尘埃也，生物之以息相吹也
220,渴望生活,https://book.douban.com/subject/3054821/,https://img1.doubanio.com/view/subject/s/public/s3099438.jpg,[美] 欧文·斯通 , 常涛 , 北京十月文艺出版社 , 2008-4 , 29.80元,9.1,12050,梵高悲惨而成就辉煌的人生
221,跨越边界的社区（修订版）,https://book.douban.com/subject/30116399/,https://img2.doubanio.com/view/subject/s/public/s29673011.jpg,项飙 ,, 生活·读书·新知三联书店 , 2018-3 , 68.00元,9.5,10497,
222,你好，旧时光（上 下）,https://book.douban.com/subject/4166819/,https://img3.doubanio.com/view/subject/s/public/s4293097.jpg,八月长安 ,, 新世界出版社 , 2009-12 , 39.80元,8.7,50316,原作名切题
223,包法利夫人,https://book.douban.com/subject/25897678/,https://img1.doubanio.com/view/subject/s/public/s34356439.jpg,福楼拜 , 李健吾 , 人民文学出版社 , 2003-1-1 , CNY 28.00,9.1,26255,
224,银河系漫游指南,https://book.douban.com/subject/1394364/,https://img1.doubanio.com/view/subject/s/public/s3696740.jpg,[英] 道格拉斯·亚当斯 , 徐百柯 , 四川科学技术出版社 , 2005-6 , 16.00元,8.8,23075,一场穿越银河的冒险
225,现代艺术150年,https://book.douban.com/subject/26854318/,https://img9.doubanio.com/view/subject/s/public/s29417056.jpg,[英] 威尔·贡培兹 , 王烁 , 广西师范大学出版社 , 2017-3 , 65.00元,9.1,15483,
226,论语,https://book.douban.com/subject/1964774/,https://img9.doubanio.com/view/subject/s/public/s5804746.jpg,刘胜利 ,, 中华书局 , 2006-12 , 9.80元,9.1,24957,仁远乎哉？我欲仁，斯仁至矣
227,你一生的故事,https://book.douban.com/subject/26295448/,https://img9.doubanio.com/view/subject/s/public/s28033064.jpg,[美] 特德·姜 , 李克勤 , 译林出版社 , 2015-5 , 36.00元,8.7,37815,特德·姜科幻小说集
228,看不见的女性,https://book.douban.com/subject/35942057/,https://img9.doubanio.com/view/subject/s/public/s34274534.jpg,卡罗琳·克里亚多·佩雷斯 , 詹涓 , 新星出版社 , 2022-8 , 69.00元,9.2,17859,在专为男性设计的世界该如何生存和改变？
229,会饮篇,https://book.douban.com/subject/21570668/,https://img3.doubanio.com/view/subject/s/public/s25807032.jpg,[古希腊] 柏拉图 , 王太庆 , 商务印书馆 , 2013-1 , 12.00元,9.3,12489,
230,金锁记,https://book.douban.com/subject/3017857/,https://img9.doubanio.com/view/subject/s/public/s2976745.jpg,张爱玲 ,, 哈尔滨出版社 , 2005-6 , 13.5元,8.6,64552,一个小商人家庭出身的女子曹七巧的心灵变迁历程
231,解忧杂货店,https://book.douban.com/subject/25862578/,https://img2.doubanio.com/view/subject/s/public/s27264181.jpg,[日] 东野圭吾 , 李盈春 , 南海出版公司 , 2014-5 , 39.50元,8.5,767617,现代人内心流失的东西，这家杂货店能帮你找回
232,显微镜下的大明,https://book.douban.com/subject/30414743/,https://img2.doubanio.com/view/subject/s/public/s29960161.jpg,马伯庸 ,, 湖南文艺出版社 , 2019-1 , 52.00元,8.7,49719,
233,分成两半的子爵,https://book.douban.com/subject/10555486/,https://img3.doubanio.com/view/subject/s/public/s8972073.jpg,[意] 伊塔洛·卡尔维诺 , 吴正仪 , 译林出版社 , 2012-4-1 , 20.00元,8.8,30570,
234,挽救计划,https://book.douban.com/subject/35494160/,https://img9.doubanio.com/view/subject/s/public/s33958826.jpg,[美] 安迪·威尔 , 耿辉 , 译林出版社 , 2021-9 , 68.00,9.1,13515,
235,象棋的故事,https://book.douban.com/subject/2158684/,https://img1.doubanio.com/view/subject/s/public/s2897060.jpg,[奥] 斯蒂芬·茨威格 , 张玉书 , 上海译文出版社 , 2007-7 , 23.00元,9.1,13499,纳粹法西斯对人心灵的折磨及摧残
236,坟,https://book.douban.com/subject/1974029/,https://img1.doubanio.com/view/subject/s/public/s2128420.jpg,鲁迅 ,, 人民文学出版社 , 2006-12 , 16.00元,9.6,12863,
237,黑箱：日本之耻,https://book.douban.com/subject/30484795/,https://img9.doubanio.com/view/subject/s/public/s30025945.jpg,[日] 伊藤诗织 , 匡匡 , 雅众文化,中信出版集团 , 2019-4 / 48.00元,8.9,24283,
238,哈姆莱特,https://book.douban.com/subject/1006197/,https://img3.doubanio.com/view/subject/s/public/s27009357.jpg,[英] 莎士比亚 , 朱生豪 , 人民文学出版社 , 2001-1 , 7.00元,8.7,51833,生存还是毁灭，这是一个值得思考的问题
239,时间的秩序,https://book.douban.com/subject/33424487/,https://img2.doubanio.com/view/subject/s/public/s32332471.jpg,[意] 卡洛·罗韦利 , 杨光 , 湖南科学技术出版社 , 2019-6 , 56.00元,8.9,23206,
240,二手时间,https://book.douban.com/subject/26704403/,https://img9.doubanio.com/view/subject/s/public/s28397415.jpg,[白俄] S. A. 阿列克谢耶维奇 , 吕宁思 , 中信出版社 , 2016-1 , 55.00元,8.9,26452,用最为细小的马赛克拼出了一幅完整的后苏联时代图景
241,奥斯维辛,https://book.douban.com/subject/26861418/,https://img2.doubanio.com/view/subject/s/public/s29000481.jpg,[英] 劳伦斯·里斯 , 刘爽 , 广西师范大学出版社 , 2016-9 , 79.00元,9.5,10577,
242,顾城的诗,https://book.douban.com/subject/1033825/,https://img3.doubanio.com/view/subject/s/public/s1024472.jpg,顾城 ,, 人民文学出版社 , 1998-12 , 20.00,8.8,27123,火焰是我们诗歌唯一的读者
243,规训与惩罚,https://book.douban.com/subject/1012307/,https://img3.doubanio.com/view/subject/s/public/s2522397.jpg,[法] 米歇尔·福柯 , 刘北成 , 生活·读书·新知三联书店 , 2003-1 , 21.80元,9.3,11523,伴随着惩罚的人性化，自由反而日益丧失了
244,目送,https://book.douban.com/subject/3995526/,https://img1.doubanio.com/view/subject/s/public/s3984108.jpg,龙应台 ,, 生活·读书·新知三联书店 , 2009-10 , 39.00元,8.6,213252,不必追
245,上学记,https://book.douban.com/subject/1859140/,https://img9.doubanio.com/view/subject/s/public/s1950424.jpg,何兆武 口述 ,, 生活·读书·新知三联书店 , 2006-8 , 19.80元,8.9,14299,20世纪中国知识分子的心灵史
246,总统是靠不住的,https://book.douban.com/subject/1056315/,https://img9.doubanio.com/view/subject/s/public/s2170316.jpg,林达 ,, 生活·读书·新知三联书店 , 2004-08 , 21.80,8.8,21536,美国政治法律制度的基本原理和操作细节
247,枪炮、病菌与钢铁,https://book.douban.com/subject/1813841/,https://img3.doubanio.com/view/subject/s/public/s1738643.jpg,[美] 贾雷德·戴蒙德 , 谢延光 , 上海译文出版社 , 2006-4-1 , 45.00元,8.7,53742,人类社会的命运
248,火星救援,https://book.douban.com/subject/26586492/,https://img3.doubanio.com/view/subject/s/public/s28284337.jpg,[美] 安迪·威尔 , 陈灼 , 译林出版社 , 2015-10 , 38.00,8.9,21056,跟火星来一场不是你死就是我活的过家家游戏
249,贾想 I,https://book.douban.com/subject/27062726/,https://img9.doubanio.com/view/subject/s/public/s29486755.jpg,贾樟柯 ,, 台海出版社 , 2017-6-1 , 49.00元,9.1,14351,
